{
  "x_error (m)": {
    "15min": {
      "train_rmse": 0.08696459353513948,
      "val_rmse": 0.07939672751636803,
      "train_mae": 0.04210530060756975,
      "val_mae": 0.07370981968938971,
      "training_time": 0.33918023109436035,
      "n_estimators": 104
    },
    "30min": {
      "train_rmse": 0.10879452920336022,
      "val_rmse": 0.13628789406960837,
      "train_mae": 0.05188398719606849,
      "val_mae": 0.09345183457736303,
      "training_time": 0.535353422164917,
      "n_estimators": 122
    },
    "45min": {
      "train_rmse": 0.20310531675231552,
      "val_rmse": 0.14886598454243005,
      "train_mae": 0.1159168887753728,
      "val_mae": 0.09462074347279957,
      "training_time": 0.267348051071167,
      "n_estimators": 54
    },
    "1h": {
      "train_rmse": 0.26061162043114944,
      "val_rmse": 0.10958539525889206,
      "train_mae": 0.17066883985276834,
      "val_mae": 0.07590046613423827,
      "training_time": 0.2030348777770996,
      "n_estimators": 41
    },
    "2h": {
      "train_rmse": 0.040076654271970255,
      "val_rmse": 0.23857562765948573,
      "train_mae": 0.02191280934468737,
      "val_mae": 0.19711799090610752,
      "training_time": 0.664959192276001,
      "n_estimators": 235
    },
    "3h": {
      "train_rmse": 0.597269677544169,
      "val_rmse": 0.6040141517749723,
      "train_mae": 0.47926343714871744,
      "val_mae": 0.5650009147079459,
      "training_time": 0.18327736854553223,
      "n_estimators": 12
    },
    "6h": {
      "train_rmse": 0.146779275963426,
      "val_rmse": 0.621260238765665,
      "train_mae": 0.08228960041008544,
      "val_mae": 0.4961462670208993,
      "training_time": 0.32900452613830566,
      "n_estimators": 71
    },
    "12h": {
      "train_rmse": 0.6517504098043121,
      "val_rmse": 0.7890144086523883,
      "train_mae": 0.5257300921694241,
      "val_mae": 0.6826112762084704,
      "training_time": 0.15816998481750488,
      "n_estimators": 11
    },
    "24h": {
      "train_rmse": 0.7462996347951295,
      "val_rmse": 0.7539733973868927,
      "train_mae": 0.6104568791848088,
      "val_mae": 0.6772507137697703,
      "training_time": 0.1288926601409912,
      "n_estimators": 6
    }
  },
  "y_error (m)": {
    "15min": {
      "train_rmse": 0.11508657322382189,
      "val_rmse": 0.0519262442828466,
      "train_mae": 0.04958920026601386,
      "val_mae": 0.039632877601717895,
      "training_time": 0.3061521053314209,
      "n_estimators": 85
    },
    "30min": {
      "train_rmse": 0.15842749555938843,
      "val_rmse": 0.08831632618493497,
      "train_mae": 0.08009900339478118,
      "val_mae": 0.06728059807668385,
      "training_time": 0.27725768089294434,
      "n_estimators": 66
    },
    "45min": {
      "train_rmse": 0.10336393422655428,
      "val_rmse": 0.1562463808093993,
      "train_mae": 0.05422000618761008,
      "val_mae": 0.11989940307442594,
      "training_time": 0.43119192123413086,
      "n_estimators": 104
    },
    "1h": {
      "train_rmse": 0.36449585196943063,
      "val_rmse": 0.23036016161239986,
      "train_mae": 0.2582222484345891,
      "val_mae": 0.19253921048378164,
      "training_time": 0.17504334449768066,
      "n_estimators": 24
    },
    "2h": {
      "train_rmse": 0.2951764325608639,
      "val_rmse": 0.3003476612203298,
      "train_mae": 0.20451036343735357,
      "val_mae": 0.2694509654892461,
      "training_time": 0.18253540992736816,
      "n_estimators": 31
    },
    "3h": {
      "train_rmse": 0.12988991202308428,
      "val_rmse": 0.404428146202716,
      "train_mae": 0.06879936253083796,
      "val_mae": 0.32771067112471614,
      "training_time": 0.31775474548339844,
      "n_estimators": 86
    },
    "6h": {
      "train_rmse": 0.12832411587819662,
      "val_rmse": 0.36306067463283803,
      "train_mae": 0.07167261179396975,
      "val_mae": 0.31074560524108136,
      "training_time": 0.23606085777282715,
      "n_estimators": 75
    },
    "12h": {
      "train_rmse": 0.42711150297909545,
      "val_rmse": 1.4436727519916586,
      "train_mae": 0.30744391479957833,
      "val_mae": 1.1171360201670641,
      "training_time": 0.16100025177001953,
      "n_estimators": 20
    },
    "24h": {
      "train_rmse": 0.5735832491807491,
      "val_rmse": 0.8770760614693186,
      "train_mae": 0.4415737812268279,
      "val_mae": 0.6084436519530178,
      "training_time": 0.13112258911132812,
      "n_estimators": 12
    }
  },
  "z_error (m)": {
    "15min": {
      "train_rmse": 0.41200439181755477,
      "val_rmse": 0.05069687388524705,
      "train_mae": 0.3388096885538643,
      "val_mae": 0.04086810114010551,
      "training_time": 0.15173673629760742,
      "n_estimators": 20
    },
    "30min": {
      "train_rmse": 0.23122101310317408,
      "val_rmse": 0.07504047855753926,
      "train_mae": 0.18093680180995708,
      "val_mae": 0.06691632353546362,
      "training_time": 0.20073914527893066,
      "n_estimators": 36
    },
    "45min": {
      "train_rmse": 0.5422532977847405,
      "val_rmse": 0.06334443936238895,
      "train_mae": 0.44450183841939667,
      "val_mae": 0.057307555402627,
      "training_time": 0.17303800582885742,
      "n_estimators": 15
    },
    "1h": {
      "train_rmse": 1.0348184133281932,
      "val_rmse": 0.12551942933550897,
      "train_mae": 0.8568179808214066,
      "val_mae": 0.11508357269219284,
      "training_time": 0.2581202983856201,
      "n_estimators": 1
    },
    "2h": {
      "train_rmse": 1.0362900130204018,
      "val_rmse": 0.1657993697572105,
      "train_mae": 0.853702315224315,
      "val_mae": 0.1566005527705387,
      "training_time": 0.17448019981384277,
      "n_estimators": 1
    },
    "3h": {
      "train_rmse": 0.7645977654585742,
      "val_rmse": 0.11728192596224529,
      "train_mae": 0.6305186242830209,
      "val_mae": 0.0968091485344642,
      "training_time": 0.12864089012145996,
      "n_estimators": 8
    },
    "6h": {
      "train_rmse": 1.0257126788404354,
      "val_rmse": 0.2093040065084102,
      "train_mae": 0.8286251481388207,
      "val_mae": 0.19991471008420317,
      "training_time": 0.27733469009399414,
      "n_estimators": 1
    },
    "12h": {
      "train_rmse": 0.9761230786945214,
      "val_rmse": 0.1932085658411992,
      "train_mae": 0.7580285980294946,
      "val_mae": 0.17300843467120816,
      "training_time": 0.18621087074279785,
      "n_estimators": 1
    },
    "24h": {
      "train_rmse": 0.43419654840265637,
      "val_rmse": 0.701142521504257,
      "train_mae": 0.31487700119259693,
      "val_mae": 0.558134896714843,
      "training_time": 0.1485457420349121,
      "n_estimators": 17
    }
  },
  "satclockerror (m)": {
    "15min": {
      "train_rmse": 0.39983164855906345,
      "val_rmse": 0.04933577424485688,
      "train_mae": 0.2658806516689287,
      "val_mae": 0.034025471435207365,
      "training_time": 0.19426679611206055,
      "n_estimators": 25
    },
    "30min": {
      "train_rmse": 0.6079643838257291,
      "val_rmse": 0.048162262571854395,
      "train_mae": 0.41654938612979686,
      "val_mae": 0.03817174712412172,
      "training_time": 0.14658427238464355,
      "n_estimators": 16
    },
    "45min": {
      "train_rmse": 0.33762758579777596,
      "val_rmse": 0.06330732184302004,
      "train_mae": 0.19037399335375046,
      "val_mae": 0.03793799601551594,
      "training_time": 0.17169618606567383,
      "n_estimators": 41
    },
    "1h": {
      "train_rmse": 0.6801443339841253,
      "val_rmse": 0.056879524965565954,
      "train_mae": 0.47150145998513165,
      "val_mae": 0.04412250434251224,
      "training_time": 0.12970900535583496,
      "n_estimators": 14
    },
    "2h": {
      "train_rmse": 0.9008648429640901,
      "val_rmse": 0.07530216729509662,
      "train_mae": 0.6399452278191453,
      "val_mae": 0.052827741566737245,
      "training_time": 0.11566019058227539,
      "n_estimators": 6
    },
    "3h": {
      "train_rmse": 0.938031369215814,