{
  "x_error (m)": {
    "15min": {
      "train_rmse": 0.08789426509076657,
      "val_rmse": 0.44268223687604147,
      "train_mae": 0.042235111028492964,
      "val_mae": 0.22646964912835893,
      "training_time": 0.4996528625488281,
      "n_estimators": 180
    },
    "30min": {
      "train_rmse": 0.09975737184843192,
      "val_rmse": 0.6416341373407859,
      "train_mae": 0.048003803585386,
      "val_mae": 0.36055880042922234,
      "training_time": 0.6581282615661621,
      "n_estimators": 188
    },
    "45min": {
      "train_rmse": 0.4118864867805851,
      "val_rmse": 0.7668344363232812,
      "train_mae": 0.3126863903841747,
      "val_mae": 0.5898116005646229,
      "training_time": 0.2844228744506836,
      "n_estimators": 37
    },
    "1h": {
      "train_rmse": 0.36239594317553414,
      "val_rmse": 0.7330685547416675,
      "train_mae": 0.27079607187643545,
      "val_mae": 0.49808051308585377,
      "training_time": 0.2523946762084961,
      "n_estimators": 45
    },
    "2h": {
      "train_rmse": 0.040896020048207346,
      "val_rmse": 0.6859871194465035,
      "train_mae": 0.02206956316483651,
      "val_mae": 0.5885401566152085,
      "training_time": 0.9010508060455322,
      "n_estimators": 467
    },
    "3h": {
      "train_rmse": 0.960749943607022,
      "val_rmse": 0.9901473199087759,
      "train_mae": 0.7695952818989775,
      "val_mae": 0.9609295606928946,
      "training_time": 0.23196744918823242,
      "n_estimators": 1
    },
    "6h": {
      "train_rmse": 0.2623778160776921,
      "val_rmse": 0.8183771615619878,
      "train_mae": 0.1767033103073944,
      "val_mae": 0.5623387317117569,
      "training_time": 0.33185291290283203,
      "n_estimators": 70
    },
    "12h": {
      "train_rmse": 0.5595595775444768,
      "val_rmse": 0.8437327511003754,
      "train_mae": 0.4423683977128971,
      "val_mae": 0.7203926403861175,
      "training_time": 0.3025696277618408,
      "n_estimators": 26
    },
    "24h": {
      "train_rmse": 0.9352646994026196,
      "val_rmse": 0.7887748540111862,
      "train_mae": 0.7680343884594382,
      "val_mae": 0.7465772335281766,
      "training_time": 0.21532344818115234,
      "n_estimators": 1
    }
  },
  "y_error (m)": {
    "15min": {
      "train_rmse": 0.08714892726147992,
      "val_rmse": 0.14890907066816786,
      "train_mae": 0.04200611807925255,
      "val_mae": 0.09903255917597913,
      "training_time": 0.5153613090515137,
      "n_estimators": 205
    },
    "30min": {
      "train_rmse": 0.39652979527352716,
      "val_rmse": 0.2970402359622569,
      "train_mae": 0.2923603877954867,
      "val_mae": 0.23826050003436422,
      "training_time": 0.27390265464782715,
      "n_estimators": 36
    },
    "45min": {
      "train_rmse": 0.23036781071290072,
      "val_rmse": 0.35596334841411953,
      "train_mae": 0.14714694703793355,
      "val_mae": 0.24016749359114206,
      "training_time": 0.33656811714172363,
      "n_estimators": 68
    },
    "1h": {
      "train_rmse": 0.560259376647098,
      "val_rmse": 0.38799242614544593,
      "train_mae": 0.4282487721653912,
      "val_mae": 0.3042544549901794,
      "training_time": 0.26475095748901367,
      "n_estimators": 21
    },
    "2h": {
      "train_rmse": 0.3805204161653219,
      "val_rmse": 0.4101512013719148,
      "train_mae": 0.27741616758924637,
      "val_mae": 0.34169599382931015,
      "training_time": 0.2698836326599121,
      "n_estimators": 40
    },
    "3h": {
      "train_rmse": 0.43247307498608484,
      "val_rmse": 0.49892564785809734,
      "train_mae": 0.3200875310340443,
      "val_mae": 0.39050030499663185,
      "training_time": 0.25380873680114746,
      "n_estimators": 34
    },
    "6h": {
      "train_rmse": 0.33420875182823406,
      "val_rmse": 0.5063563250079564,
      "train_mae": 0.2305353895149805,
      "val_mae": 0.442458941565969,
      "training_time": 0.2563927173614502,
      "n_estimators": 49
    },
    "12h": {
      "train_rmse": 0.5240811684904654,
      "val_rmse": 1.1163267897665954,
      "train_mae": 0.39570656077160454,
      "val_mae": 0.833273794755393,
      "training_time": 0.23481535911560059,
      "n_estimators": 25
    },
    "24h": {
      "train_rmse": 0.3875930634865187,
      "val_rmse": 1.0206892355981076,
      "train_mae": 0.2838971767228123,
      "val_mae": 0.8644150012099395,
      "training_time": 0.24224519729614258,
      "n_estimators": 36
    }
  },
  "z_error (m)": {
    "15min": {
      "train_rmse": 0.1068228631126906,
      "val_rmse": 0.1737136527394763,
      "train_mae": 0.07361703984491515,
      "val_mae": 0.09889407530154698,
      "training_time": 0.3536858558654785,
      "n_estimators": 98
    },
    "30min": {
      "train_rmse": 0.09268513724489601,
      "val_rmse": 0.2587363585694466,
      "train_mae": 0.0527744720599264,
      "val_mae": 0.17056580799008111,
      "training_time": 0.4604165554046631,
      "n_estimators": 135
    },
    "45min": {
      "train_rmse": 0.19943726519519123,
      "val_rmse": 0.2695763649844512,
      "train_mae": 0.14795938232765077,
      "val_mae": 0.15803403361021537,
      "training_time": 0.3159780502319336,
      "n_estimators": 72
    },
    "1h": {
      "train_rmse": 0.2374865269564386,
      "val_rmse": 0.2521289226309412,
      "train_mae": 0.17778339917543567,
      "val_mae": 0.18423823615607815,
      "training_time": 0.2896137237548828,
      "n_estimators": 64
    },
    "2h": {
      "train_rmse": 0.8244866699325911,
      "val_rmse": 0.3282159854530094,
      "train_mae": 0.679369656410641,
      "val_mae": 0.21189382714281432,
      "training_time": 0.2271895408630371,
      "n_estimators": 11
    },
    "3h": {
      "train_rmse": 0.9726264404704396,
      "val_rmse": 0.27497709455472374,
      "train_mae": 0.8069775703996485,
      "val_mae": 0.14381509417550037,
      "training_time": 0.2044980525970459,
      "n_estimators": 5
    },
    "6h": {
      "train_rmse": 1.0730528407871969,
      "val_rmse": 0.19597362299754958,
      "train_mae": 0.8862209093256306,
      "val_mae": 0.16735884674811463,
      "training_time": 0.19254803657531738,
      "n_estimators": 1
    },
    "12h": {
      "train_rmse": 0.9696023424866465,
      "val_rmse": 0.13632779437293346,
      "train_mae": 0.7749135490227341,
      "val_mae": 0.11155776861714414,
      "training_time": 0.21682381629943848,
      "n_estimators": 3
    },
    "24h": {
      "train_rmse": 0.8869533545863187,
      "val_rmse": 0.6456503255241305,
      "train_mae": 0.6784140180069733,
      "val_mae": 0.4610281244885879,
      "training_time": 0.18685388565063477,
      "n_estimators": 1
    }
  },
  "satclockerror (m)": {
    "15min": {
      "train_rmse": 0.8033905456250265,
      "val_rmse": 0.2946004945336409,
      "train_mae": 0.5734300494829004,
      "val_mae": 0.14717031162175787,
      "training_time": 0.33902931213378906,
      "n_estimators": 14
    },
    "30min": {
      "train_rmse": 1.1150689328287864,
      "val_rmse": 0.23794747200343175,
      "train_mae": 0.8085368528711184,
      "val_mae": 0.15196852869746075,
      "training_time": 0.19484424591064453,
      "n_estimators": 2
    },
    "45min": {
      "train_rmse": 0.9916316468729637,
      "val_rmse": 0.22101206241995394,
      "train_mae": 0.7125980026248147,
      "val_mae": 0.13862219536895828,
      "training_time": 0.172257661819458,
      "n_estimators": 7
    },
    "1h": {
      "train_rmse": 0.9763235965194823,
      "val_rmse": 0.22405205361769467,
      "train_mae": 0.700489176381349,
      "val_mae": 0.1380395760208634,
      "training_time": 0.25181078910827637,
      "n_estimators": 8
    },
    "2h": {
      "train_rmse": 1.1511596225379443,
      "val_rmse": 0.23761095352729122,
      "train_mae": 0.8335565780738771,
      "val_mae": 0.15178492142957722,
      "training_time": 0.2243359088897705,
      "n_estimators": 1
    },
    "3h": {
      "train_rmse": 1.0932265287102185,
      "val_rmse": 0.23460909194982346,