{
  "train_loss": [
    1.1206261366605759,
    1.0455856695771217,
    0.9607179462909698,
    0.870219849050045,
    0.7710040360689163,
    0.6815609410405159,
    0.6221966221928596,
    0.5656226500868797,
    0.5358887165784836,
    0.49074168130755424,
    0.48364027217030525,
    0.44599952548742294,
    0.4244813807308674,
    0.4209029860794544,
    0.406732976436615,
    0.4006097614765167,
    0.39594680443406105,
    0.3819502852857113,
    0.38139840960502625,
    0.38150404766201973,
    0.3817600756883621
  ],
  "val_loss": [
    0.4371379613876343,
    0.40317389369010925,
    0.3489769697189331,
    0.29784756898880005,
    0.33079540729522705,
    0.29232487082481384,
    0.3247620761394501,
    0.3778143525123596,
    0.37115347385406494,
    0.3252735733985901,
    0.39917394518852234,
    0.4042104482650757,
    0.3809647858142853,
    0.4543341398239136,
    0.4518573582172394,
    0.44490402936935425,
    0.4443995952606201,
    0.4795795977115631,
    0.45484253764152527,
    0.4709179997444153,
    0.5035936236381531
  ],
  "epoch_time": [
    0.7854757308959961,
    0.8782498836517334,
    0.7159860134124756,
    0.6464228630065918,
    0.7829866409301758,
    0.8267858028411865,
    0.7281935214996338,
    0.8978271484375,
    0.9028189182281494,
    0.8363797664642334,
    0.7621431350708008,
    0.7471799850463867,
    0.7286229133605957,
    0.7404768466949463,
    0.7808327674865723,
    0.7319343090057373,
    0.7348639965057373,
    0.7503595352172852,
    0.733065128326416,
    0.7827877998352051,
    0.7318027019500732
  ],
  "learning_rate": [
    0.0005,
    0.0005,
    0.0005,
    0.0005,
    0.0005,
    0.0005,
    0.0005,
    0.0005,
    0.0005,
    0.0005,
    0.0005,
    0.0005,
    0.00025,
    0.00025,
    0.00025,
    0.00025,
    0.00025,
    0.00025,
    0.000125,
    0.000125,
    0.000125
  ]
}