{
  "x_error (m)": {
    "15min": {
      "train_rmse": 0.22599706404772726,
      "val_rmse": 0.2457091109647276,
      "train_mae": 0.12299772623417063,
      "val_mae": 0.18753613087989435,
      "training_time": 0.21152496337890625,
      "n_estimators": 40
    },
    "30min": {
      "train_rmse": 0.26926353936090996,
      "val_rmse": 0.3967022855999918,
      "train_mae": 0.15911055036350272,
      "val_mae": 0.2944489373096059,
      "training_time": 0.2003018856048584,
      "n_estimators": 36
    },
    "45min": {
      "train_rmse": 0.25019156163574074,
      "val_rmse": 0.5388330183074332,
      "train_mae": 0.1504300017925444,
      "val_mae": 0.4017727734423265,
      "training_time": 0.35709095001220703,
      "n_estimators": 43
    },
    "1h": {
      "train_rmse": 0.17040985642243373,
      "val_rmse": 0.5817224725508254,
      "train_mae": 0.09077650691629036,
      "val_mae": 0.4577371690277254,
      "training_time": 0.33609771728515625,
      "n_estimators": 82
    },
    "2h": {
      "train_rmse": 0.5906176842396327,
      "val_rmse": 0.9604564212813615,
      "train_mae": 0.4124629134514527,
      "val_mae": 0.8411095625192772,
      "training_time": 0.18645262718200684,
      "n_estimators": 15
    },
    "3h": {
      "train_rmse": 0.0014826305541036423,
      "val_rmse": 0.71285626057872,
      "train_mae": 0.0005305658718176453,
      "val_mae": 0.6553988497121376,
      "training_time": 76.6622154712677,
      "n_estimators": 1500
    },
    "6h": {
      "train_rmse": 0.10068916016489696,
      "val_rmse": 0.853149977574814,
      "train_mae": 0.05203554577253235,
      "val_mae": 0.6943599292657043,
      "training_time": 0.8376502990722656,
      "n_estimators": 174
    },
    "12h": {
      "train_rmse": 0.004306722082424778,
      "val_rmse": 1.213145120809285,
      "train_mae": 0.0019964504087231017,
      "val_mae": 0.9755077883209248,
      "training_time": 2.5637283325195312,
      "n_estimators": 933
    },
    "24h": {
      "train_rmse": 0.05566269732950136,
      "val_rmse": 0.9141321554239871,
      "train_mae": 0.029583169683679633,
      "val_mae": 0.7256368446673208,
      "training_time": 0.5752942562103271,
      "n_estimators": 246
    }
  },
  "y_error (m)": {
    "15min": {
      "train_rmse": 0.007700892553322152,
      "val_rmse": 1.2956829039172824,
      "train_mae": 0.0018660463261028226,
      "val_mae": 0.7413878350769824,
      "training_time": 3.3972318172454834,
      "n_estimators": 1498
    },
    "30min": {
      "train_rmse": 0.08267047716999981,
      "val_rmse": 1.4536871314159527,
      "train_mae": 0.030351864685974627,
      "val_mae": 0.8796785254530098,
      "training_time": 0.580634593963623,
      "n_estimators": 228
    },
    "45min": {
      "train_rmse": 0.24262978261673873,
      "val_rmse": 1.6203438876071568,
      "train_mae": 0.11334029177724735,
      "val_mae": 1.001087887387325,
      "training_time": 0.18928050994873047,
      "n_estimators": 54
    },
    "1h": {
      "train_rmse": 0.28523395817711505,
      "val_rmse": 1.7075389208666896,
      "train_mae": 0.14462761284521994,
      "val_mae": 1.0470235043759712,
      "training_time": 0.16908979415893555,
      "n_estimators": 48
    },
    "2h": {
      "train_rmse": 0.8912825743132884,
      "val_rmse": 1.8965823575665997,
      "train_mae": 0.6314498472650477,
      "val_mae": 1.2812044971566878,
      "training_time": 0.10653162002563477,
      "n_estimators": 1
    },
    "3h": {
      "train_rmse": 0.013551167799485796,
      "val_rmse": 0.8767447143930276,
      "train_mae": 0.002913108008384702,
      "val_mae": 0.7608841463991327,
      "training_time": 2.923311471939087,
      "n_estimators": 1500
    },
    "6h": {
      "train_rmse": 1.0318511535453052,
      "val_rmse": 0.9017074631566725,
      "train_mae": 0.6833744369518066,
      "val_mae": 0.7407538413802512,
      "training_time": 0.25298237800598145,
      "n_estimators": 2
    },
    "12h": {
      "train_rmse": 0.159397103779132,
      "val_rmse": 0.8015979588293245,
      "train_mae": 0.0782792669477415,
      "val_mae": 0.663762282845713,
      "training_time": 0.3064448833465576,
      "n_estimators": 132
    },
    "24h": {
      "train_rmse": 1.0409945440329182,
      "val_rmse": 0.718857410777321,
      "train_mae": 0.7035645356686541,
      "val_mae": 0.5895132219110476,
      "training_time": 0.0914621353149414,
      "n_estimators": 2
    }
  },
  "z_error (m)": {
    "15min": {
      "train_rmse": 0.00694370025713435,
      "val_rmse": 0.2972071212188787,
      "train_mae": 0.0018670909143146033,
      "val_mae": 0.22256166255731896,
      "training_time": 15.916810512542725,
      "n_estimators": 1025
    },
    "30min": {
      "train_rmse": 0.006688000813264192,
      "val_rmse": 0.48257723062292585,
      "train_mae": 0.0020345737490693517,
      "val_mae": 0.34298560454073806,
      "training_time": 4.520474672317505,
      "n_estimators": 939
    },
    "45min": {
      "train_rmse": 0.014878591976059884,
      "val_rmse": 0.7548634158535132,
      "train_mae": 0.0073517725932898135,
      "val_mae": 0.5701527178047561,
      "training_time": 2.1494462490081787,
      "n_estimators": 404
    },
    "1h": {
      "train_rmse": 0.05353789614378256,
      "val_rmse": 0.9222660511483606,
      "train_mae": 0.028650532660579504,
      "val_mae": 0.7080557389474841,
      "training_time": 0.8338067531585693,
      "n_estimators": 178
    },
    "2h": {
      "train_rmse": 0.02086872909277134,
      "val_rmse": 1.1754746533424651,
      "train_mae": 0.009148092014347988,
      "val_mae": 0.9833645863346296,
      "training_time": 1.6154136657714844,
      "n_estimators": 471
    },
    "3h": {
      "train_rmse": 0.0027458966138135944,
      "val_rmse": 0.7929343305211662,
      "train_mae": 0.0007220644953398457,
      "val_mae": 0.7145240731748704,
      "training_time": 3.258721113204956,
      "n_estimators": 1500
    },
    "6h": {
      "train_rmse": 0.37925089488736224,
      "val_rmse": 0.9641599859623751,
      "train_mae": 0.258018388406522,
      "val_mae": 0.852371221338854,
      "training_time": 0.17476487159729004,
      "n_estimators": 25
    },
    "12h": {
      "train_rmse": 0.5665218440424334,
      "val_rmse": 1.0189496418207402,
      "train_mae": 0.4139694534644662,
      "val_mae": 0.7225642342304325,
      "training_time": 0.13864684104919434,
      "n_estimators": 14
    },
    "24h": {
      "train_rmse": 0.9362510324375867,
      "val_rmse": 1.1840310499530393,
      "train_mae": 0.7012979437458672,
      "val_mae": 0.8911622784389507,
      "training_time": 0.08902740478515625,
      "n_estimators": 1
    }
  },
  "satclockerror (m)": {
    "15min": {
      "train_rmse": 0.06362714554374892,
      "val_rmse": 0.5347884192924988,
      "train_mae": 0.03417765208306365,
      "val_mae": 0.29446482662822737,
      "training_time": 0.2259538173675537,
      "n_estimators": 90
    },
    "30min": {
      "train_rmse": 0.09572241588314916,
      "val_rmse": 0.676850474496555,
      "train_mae": 0.058712675926719436,
      "val_mae": 0.40561769252204705,
      "training_time": 0.2315080165863037,
      "n_estimators": 75
    },
    "45min": {
      "train_rmse": 0.10907748072139438,
      "val_rmse": 0.7737668854304514,
      "train_mae": 0.0686999341279175,
      "val_mae": 0.5086027047849447,
      "training_time": 0.29309582710266113,
      "n_estimators": 77
    },
    "1h": {
      "train_rmse": 0.11299275202876277,
      "val_rmse": 0.8831518576928941,
      "train_mae": 0.06941430857790082,
      "val_mae": 0.647607185808092,
      "training_time": 0.22540760040283203,
      "n_estimators": 81
    },
    "2h": {
      "train_rmse": 0.3086315906471301,
      "val_rmse": 1.0539566850564546,
      "train_mae": 0.23513095192644382,
      "val_mae": 0.7577422174714114,
      "training_time": 0.2107706069946289,
      "n_estimators": 33
    },
    "3h": {
      "train_rmse": 0.005301845389352682,