{
  "x_error (m)": {
    "15min": {
      "train_rmse": 0.10757327915703381,
      "val_rmse": 0.3316994824564371,
      "train_mae": 0.04565005287822612,
      "val_mae": 0.15877843531847793,
      "training_time": 0.3721354007720947,
      "n_estimators": 182,
      "best_iteration": 182
    },
    "30min": {
      "train_rmse": 0.07473249569783283,
      "val_rmse": 0.527867430555423,
      "train_mae": 0.039186535464900925,
      "val_mae": 0.27047587470766404,
      "training_time": 0.5529894828796387,
      "n_estimators": 369,
      "best_iteration": 369
    },
    "45min": {
      "train_rmse": 0.09542230005042239,
      "val_rmse": 0.6661941111461173,
      "train_mae": 0.04849132222456175,
      "val_mae": 0.42972925027206754,
      "training_time": 0.41522979736328125,
      "n_estimators": 240,
      "best_iteration": 240
    },
    "1h": {
      "train_rmse": 0.23113195435961628,
      "val_rmse": 0.6640093344187735,
      "train_mae": 0.1451776491804065,
      "val_mae": 0.3934883159795392,
      "training_time": 0.20862913131713867,
      "n_estimators": 78,
      "best_iteration": 78
    },
    "2h": {
      "train_rmse": 0.08970520578641022,
      "val_rmse": 0.48831877650183586,
      "train_mae": 0.05034274279132726,
      "val_mae": 0.3300734111936736,
      "training_time": 0.4705486297607422,
      "n_estimators": 286,
      "best_iteration": 286
    },
    "3h": {
      "train_rmse": 0.11526100416890034,
      "val_rmse": 0.7108867309198064,
      "train_mae": 0.05562116861328211,
      "val_mae": 0.6621123356217452,
      "training_time": 0.3778107166290283,
      "n_estimators": 227,
      "best_iteration": 227
    },
    "6h": {
      "train_rmse": 0.21560030558654306,
      "val_rmse": 0.8015930532007888,
      "train_mae": 0.12696126796541674,
      "val_mae": 0.5518451258365442,
      "training_time": 0.26104211807250977,
      "n_estimators": 98,
      "best_iteration": 98
    },
    "12h": {
      "train_rmse": 0.6250928055063034,
      "val_rmse": 0.9040079684343324,
      "train_mae": 0.4970222409347742,
      "val_mae": 0.8604644799502855,
      "training_time": 0.12106561660766602,
      "n_estimators": 22,
      "best_iteration": 22
    },
    "24h": {
      "train_rmse": 0.6848675797158131,
      "val_rmse": 0.7426972450402789,
      "train_mae": 0.5514912979089366,
      "val_mae": 0.6651433713170526,
      "training_time": 0.12584805488586426,
      "n_estimators": 15,
      "best_iteration": 15
    }
  },
  "y_error (m)": {
    "15min": {
      "train_rmse": 0.14173431129977124,
      "val_rmse": 0.1285475062139106,
      "train_mae": 0.06234396590230287,
      "val_mae": 0.07730876750942076,
      "training_time": 0.27164506912231445,
      "n_estimators": 130,
      "best_iteration": 130
    },
    "30min": {
      "train_rmse": 0.3185864343286066,
      "val_rmse": 0.2726042773456467,
      "train_mae": 0.21315158981582272,
      "val_mae": 0.19604848213699239,
      "training_time": 0.16501283645629883,
      "n_estimators": 51,
      "best_iteration": 51
    },
    "45min": {
      "train_rmse": 0.3288422225599205,
      "val_rmse": 0.32407297459864354,
      "train_mae": 0.21914957757900957,
      "val_mae": 0.24415839280441337,
      "training_time": 0.17653346061706543,
      "n_estimators": 51,
      "best_iteration": 51
    },
    "1h": {
      "train_rmse": 0.4499220921304735,
      "val_rmse": 0.35826931822959024,
      "train_mae": 0.3278039199845265,
      "val_mae": 0.2709925983004672,
      "training_time": 0.1480097770690918,
      "n_estimators": 33,
      "best_iteration": 33
    },
    "2h": {
      "train_rmse": 0.47704927440955747,
      "val_rmse": 0.40517659786048565,
      "train_mae": 0.35280849200939457,
      "val_mae": 0.3396031788703155,
      "training_time": 0.15172553062438965,
      "n_estimators": 30,
      "best_iteration": 30
    },
    "3h": {
      "train_rmse": 0.4407238268200311,
      "val_rmse": 0.47654224461186645,
      "train_mae": 0.31838642644930265,
      "val_mae": 0.39088537239046617,
      "training_time": 0.1479051113128662,
      "n_estimators": 36,
      "best_iteration": 36
    },
    "6h": {
      "train_rmse": 0.42538116593888553,
      "val_rmse": 0.44266299004125415,
      "train_mae": 0.304324508641649,
      "val_mae": 0.37387106748102694,
      "training_time": 0.16936564445495605,
      "n_estimators": 38,
      "best_iteration": 38
    },
    "12h": {
      "train_rmse": 0.5530531058827881,
      "val_rmse": 1.1921854777197163,
      "train_mae": 0.4149905913502736,
      "val_mae": 0.9075690630578983,
      "training_time": 0.1405940055847168,
      "n_estimators": 24,
      "best_iteration": 24
    },
    "24h": {
      "train_rmse": 0.4328604697972305,
      "val_rmse": 0.9738347606562407,
      "train_mae": 0.30594560746096416,
      "val_mae": 0.7776245222480797,
      "training_time": 0.13861083984375,
      "n_estimators": 34,
      "best_iteration": 34
    }
  },
  "z_error (m)": {
    "15min": {
      "train_rmse": 0.08830474534884405,
      "val_rmse": 0.12617618905379768,
      "train_mae": 0.04717386154530894,
      "val_mae": 0.07614088997580225,
      "training_time": 0.26964306831359863,
      "n_estimators": 134,
      "best_iteration": 134
    },
    "30min": {
      "train_rmse": 0.17730359705133344,
      "val_rmse": 0.19488860041887038,
      "train_mae": 0.1264561734656258,
      "val_mae": 0.12197851670219698,
      "training_time": 0.2076418399810791,
      "n_estimators": 81,
      "best_iteration": 81
    },
    "45min": {
      "train_rmse": 0.22188524400031534,
      "val_rmse": 0.23274653444811894,
      "train_mae": 0.16636738673336698,
      "val_mae": 0.1760442798469822,
      "training_time": 0.2049565315246582,
      "n_estimators": 70,
      "best_iteration": 70
    },
    "1h": {
      "train_rmse": 0.5506441666239266,
      "val_rmse": 0.2844578317078895,
      "train_mae": 0.44596780486164767,
      "val_mae": 0.22254785089375834,
      "training_time": 0.1520845890045166,
      "n_estimators": 27,
      "best_iteration": 27
    },
    "2h": {
      "train_rmse": 0.7413571637932435,
      "val_rmse": 0.3341218119124743,
      "train_mae": 0.6088176820046369,
      "val_mae": 0.2603235969061009,
      "training_time": 0.12212634086608887,
      "n_estimators": 16,
      "best_iteration": 16
    },
    "3h": {
      "train_rmse": 0.8883527532758394,
      "val_rmse": 0.2837348722452077,
      "train_mae": 0.7371087020272971,
      "val_mae": 0.17479952204735474,
      "training_time": 0.1024627685546875,
      "n_estimators": 9,
      "best_iteration": 9
    },
    "6h": {
      "train_rmse": 1.074954636111941,
      "val_rmse": 0.19358250336758245,
      "train_mae": 0.8887542500774971,
      "val_mae": 0.16123496395881579,
      "training_time": 0.09867024421691895,
      "n_estimators": 1,
      "best_iteration": 1
    },
    "12h": {
      "train_rmse": 1.0233530280534593,
      "val_rmse": 0.14538599296716329,
      "train_mae": 0.8172338610000679,
      "val_mae": 0.11458794043334275,
      "training_time": 0.08407020568847656,
      "n_estimators": 1,
      "best_iteration": 1
    },
    "24h": {
      "train_rmse": 0.6648555438474671,
      "val_rmse": 0.6285248693171329,
      "train_mae": 0.5029209414297395,
      "val_mae": 0.47800137285244293,
      "training_time": 0.11756706237792969,
      "n_estimators": 13,
      "best_iteration": 13
    }
  },
  "satclockerror (m)": {
    "15min": {
      "train_rmse": 0.5587462986776964,
      "val_rmse": 0.2660576549760732,
      "train_mae": 0.3874001376995474,
      "val_mae": 0.12491143980614836,
      "training_time": 0.11643815040588379,
      "n_estimators": 28,
      "best_iteration": 28
    },
    "30min": {
      "train_rmse": 1.034241734875441,
      "val_rmse": 0.23700063447405031,
      "train_mae": 0.746835096747339,
      "val_mae": 0.14965373260051232,
      "training_time": 0.08508825302124023,
      "n_estimators": 5,