{
  "train_loss": [
    0.9395114382108053,
    0.9089381496111552,
    0.8771625459194183,
    0.831719696521759,
    0.7822155058383942,
    0.7258424858252207,
    0.6679384410381317,
    0.6217457056045532,
    0.57771564523379,
    0.5375093917051951,
    0.503415490190188,
    0.4762517760197322,
    0.44866642355918884,
    0.42772755523522693,
    0.4007359743118286,
    0.3818114846944809,
    0.3782857706149419,
    0.3565806845823924,
    0.33708885312080383,
    0.33254197239875793,
    0.32773256798585254,
    0.317239577571551,
    0.30666715403397876,
    0.2966621567805608,
    0.2961207826932271,
    0.2887634088595708,
    0.2832908680041631,
    0.28634490072727203
  ],
  "val_loss": [
    0.996304988861084,
    0.9881263971328735,
    1.0002118349075317,
    0.9870968461036682,
    0.9972398281097412,
    0.9967477917671204,
    0.9848794937133789,
    0.9631865620613098,
    0.9006019234657288,
    0.9402565360069275,
    0.9105047583580017,
    0.8779528141021729,
    0.8549787998199463,
    0.9219739437103271,
    0.9019038677215576,
    0.9236437678337097,
    0.8828931450843811,
    0.9459948539733887,
    0.9510114192962646,
    0.8956024646759033,
    0.9602804780006409,
    0.9679077863693237,
    0.9248501062393188,
    0.9125407338142395,
    0.9547655582427979,
    0.9647876620292664,
    0.9706727862358093,
    0.9869412183761597
  ],
  "epoch_time": [
    0.6594786643981934,
    0.6271731853485107,
    3.5870168209075928,
    2.398876190185547,
    2.4704806804656982,
    2.253117561340332,
    2.163752794265747,
    4.234342813491821,
    2.256153106689453,
    0.5203227996826172,
    0.663905143737793,
    1.0295629501342773,
    0.6761875152587891,
    0.48396778106689453,
    0.4536323547363281,
    0.5258252620697021,
    0.5631682872772217,
    0.614851713180542,
    0.5998997688293457,
    0.6220409870147705,
    0.5309550762176514,
    0.6563560962677002,
    0.47321462631225586,
    0.5346744060516357,
    0.7496869564056396,
    0.5863387584686279,
    0.5439586639404297,
    0.6182904243469238
  ],
  "learning_rate": [
    0.0005,
    0.0005,
    0.0005,
    0.0005,
    0.0005,
    0.0005,
    0.0005,
    0.0005,
    0.0005,
    0.0005,
    0.0005,
    0.0005,
    0.0005,
    0.0005,
    0.0005,
    0.0005,
    0.0005,
    0.0005,
    0.0005,
    0.00025,
    0.00025,
    0.00025,
    0.00025,
    0.00025,
    0.00025,
    0.000125,
    0.000125,
    0.000125
  ]
}