{
  "x_error (m)": {
    "15min": {
      "train_rmse": 0.28797285087821034,
      "val_rmse": 0.3032394879064413,
      "train_mae": 0.1739361219652374,
      "val_mae": 0.20798749868154326,
      "training_time": 0.3671283721923828,
      "n_estimators": 54
    },
    "30min": {
      "train_rmse": 0.33621604520028514,
      "val_rmse": 0.42243952625348674,
      "train_mae": 0.21820998384624668,
      "val_mae": 0.30212578172679,
      "training_time": 0.3316028118133545,
      "n_estimators": 47
    },
    "45min": {
      "train_rmse": 0.34520083983159616,
      "val_rmse": 0.5606267564537033,
      "train_mae": 0.22810147694245683,
      "val_mae": 0.4162997669081344,
      "training_time": 0.3072011470794678,
      "n_estimators": 48
    },
    "1h": {
      "train_rmse": 0.3856616008271234,
      "val_rmse": 0.6157862046849346,
      "train_mae": 0.26054352326203656,
      "val_mae": 0.47748484792014234,
      "training_time": 0.31158018112182617,
      "n_estimators": 44
    },
    "2h": {
      "train_rmse": 0.5807478022561566,
      "val_rmse": 1.002161976347675,
      "train_mae": 0.42520524982065094,
      "val_mae": 0.82451228720074,
      "training_time": 0.25150132179260254,
      "n_estimators": 24
    },
    "3h": {
      "train_rmse": 0.47239964788141575,
      "val_rmse": 1.1294045311528282,
      "train_mae": 0.3327247669891286,
      "val_mae": 0.8940878449065968,
      "training_time": 0.26725339889526367,
      "n_estimators": 37
    },
    "6h": {
      "train_rmse": 0.7654691109264886,
      "val_rmse": 1.2745364161851689,
      "train_mae": 0.5620318381113008,
      "val_mae": 1.068897726051299,
      "training_time": 0.23738741874694824,
      "n_estimators": 11
    },
    "12h": {
      "train_rmse": 0.011754883447770394,
      "val_rmse": 1.0672923380266552,
      "train_mae": 0.008417249570403004,
      "val_mae": 0.8286444844619695,
      "training_time": 2.795558214187622,
      "n_estimators": 1301
    },
    "24h": {
      "train_rmse": 0.2597911214445654,
      "val_rmse": 1.170328994175563,
      "train_mae": 0.16319213693362195,
      "val_mae": 0.9179973839548418,
      "training_time": 0.4680752754211426,
      "n_estimators": 90
    }
  },
  "y_error (m)": {
    "15min": {
      "train_rmse": 0.040661676572061586,
      "val_rmse": 1.3229796211705487,
      "train_mae": 0.02033428163631936,
      "val_mae": 0.7427347589557982,
      "training_time": 1.3361411094665527,
      "n_estimators": 502
    },
    "30min": {
      "train_rmse": 0.21741782813581417,
      "val_rmse": 1.4524805176112534,
      "train_mae": 0.14111541830740507,
      "val_mae": 0.850710154252486,
      "training_time": 0.38467884063720703,
      "n_estimators": 59
    },
    "45min": {
      "train_rmse": 0.2430631485359743,
      "val_rmse": 1.567017030907523,
      "train_mae": 0.16438998203279717,
      "val_mae": 0.9558759418591257,
      "training_time": 0.34863924980163574,
      "n_estimators": 55
    },
    "1h": {
      "train_rmse": 0.26471847327720627,
      "val_rmse": 1.6495245553705413,
      "train_mae": 0.18179437320665723,
      "val_mae": 1.0433616286567535,
      "training_time": 0.357973575592041,
      "n_estimators": 54
    },
    "2h": {
      "train_rmse": 0.5672631014456675,
      "val_rmse": 1.9642685650635614,
      "train_mae": 0.4318582528862213,
      "val_mae": 1.307145415916926,
      "training_time": 0.3082544803619385,
      "n_estimators": 16
    },
    "3h": {
      "train_rmse": 0.7759752689512864,
      "val_rmse": 2.008712853211013,
      "train_mae": 0.5982432682495984,
      "val_mae": 1.4247076869032211,
      "training_time": 0.25235652923583984,
      "n_estimators": 1
    },
    "6h": {
      "train_rmse": 0.7738626732927175,
      "val_rmse": 2.0255493068106913,
      "train_mae": 0.5907557023176321,
      "val_mae": 1.4671171925416984,
      "training_time": 0.2128286361694336,
      "n_estimators": 1
    },
    "12h": {
      "train_rmse": 0.49300561223967776,
      "val_rmse": 0.8761518577440668,
      "train_mae": 0.26988851528202873,
      "val_mae": 0.6782968354618071,
      "training_time": 0.27918100357055664,
      "n_estimators": 70
    },
    "24h": {
      "train_rmse": 1.0432867146910663,
      "val_rmse": 0.8038247031098931,
      "train_mae": 0.696500463284345,
      "val_mae": 0.6295390511842092,
      "training_time": 0.2404193878173828,
      "n_estimators": 4
    }
  },
  "z_error (m)": {
    "15min": {
      "train_rmse": 0.017937525471787157,
      "val_rmse": 0.3479606785607025,
      "train_mae": 0.009251871434828847,
      "val_mae": 0.2542793636931334,
      "training_time": 2.677997350692749,
      "n_estimators": 783
    },
    "30min": {
      "train_rmse": 0.016097630739338863,
      "val_rmse": 0.5089281277189369,
      "train_mae": 0.00990760604099068,
      "val_mae": 0.3844674857740708,
      "training_time": 1.71518874168396,
      "n_estimators": 777
    },
    "45min": {
      "train_rmse": 0.024858322997005182,
      "val_rmse": 0.6373478168037143,
      "train_mae": 0.014912246839154177,
      "val_mae": 0.4604833323408917,
      "training_time": 0.9945807456970215,
      "n_estimators": 495
    },
    "1h": {
      "train_rmse": 0.07170113739667776,
      "val_rmse": 0.7871514798163833,
      "train_mae": 0.04166177660792766,
      "val_mae": 0.6072413921368643,
      "training_time": 0.6991913318634033,
      "n_estimators": 204
    },
    "2h": {
      "train_rmse": 0.10115708140980775,
      "val_rmse": 1.0762485570176956,
      "train_mae": 0.05896831661833124,
      "val_mae": 0.7434281651477158,
      "training_time": 0.5172231197357178,
      "n_estimators": 153
    },
    "3h": {
      "train_rmse": 0.7080369160809333,
      "val_rmse": 1.3466154415001363,
      "train_mae": 0.5387344754853975,
      "val_mae": 1.0480817671116445,
      "training_time": 0.32195091247558594,
      "n_estimators": 8
    },
    "6h": {
      "train_rmse": 0.056121631520161024,
      "val_rmse": 1.2532698458802627,
      "train_mae": 0.028558387655272643,
      "val_mae": 1.0775359407797616,
      "training_time": 1.3608577251434326,
      "n_estimators": 338
    },
    "12h": {
      "train_rmse": 0.396544531848853,
      "val_rmse": 1.0779395781026546,
      "train_mae": 0.2860651946798486,
      "val_mae": 0.8720911040723803,
      "training_time": 0.31334829330444336,
      "n_estimators": 38
    },
    "24h": {
      "train_rmse": 0.9314074671060764,
      "val_rmse": 1.2214570247920762,
      "train_mae": 0.7067411295309184,
      "val_mae": 0.9058711049778522,
      "training_time": 0.24788928031921387,
      "n_estimators": 1
    }
  },
  "satclockerror (m)": {
    "15min": {
      "train_rmse": 0.1233962293530135,
      "val_rmse": 0.5399510552639586,
      "train_mae": 0.075850628970371,
      "val_mae": 0.3004439932830511,
      "training_time": 0.3791372776031494,
      "n_estimators": 94
    },
    "30min": {
      "train_rmse": 0.11400610974826805,
      "val_rmse": 0.6746060677027466,
      "train_mae": 0.06443942528276916,
      "val_mae": 0.4305964536718649,
      "training_time": 0.4977433681488037,
      "n_estimators": 131
    },
    "45min": {
      "train_rmse": 0.13936936615935963,
      "val_rmse": 0.7420786193534676,
      "train_mae": 0.08147845548099987,
      "val_mae": 0.508046118792994,
      "training_time": 0.4246845245361328,
      "n_estimators": 113
    },
    "1h": {
      "train_rmse": 0.1322093578011599,
      "val_rmse": 0.9228302510949935,
      "train_mae": 0.07983522937642196,
      "val_mae": 0.6748275318282552,
      "training_time": 0.45876407623291016,
      "n_estimators": 121
    },
    "2h": {
      "train_rmse": 0.048106327652476875,
      "val_rmse": 1.10635576718333,
      "train_mae": 0.02995653209063831,
      "val_mae": 0.816302384862562,
      "training_time": 0.797161340713501,
      "n_estimators": 292
    },
    "3h": {
      "train_rmse": 0.05298617484951012,
      "val_rmse": 0.8629617094846987,