{
  "train_loss": [
    1.0968148056417704,
    1.0807111784815788,
    1.0633394923061132,
    1.0139469895511866,
    0.9347167462110519,
    0.8657554257661104,
    0.8065478913486004,
    0.7966751493513584,
    0.7156679779291153,
    0.6719461716711521,
    0.6492868838831782,
    0.6117108771577477,
    0.5797742018476129,
    0.568869068287313,
    0.53378676623106,
    0.5236703809350729,
    0.4972920585423708,
    0.49429748952388763,
    0.48094732873141766,
    0.46150591503828764,
    0.44219215121120214,
    0.4419051446020603,
    0.4270472498610616,
    0.41374634113162756,
    0.3996820757165551,
    0.39903302025049925,
    0.3981698267161846,
    0.38751887436956167,
    0.3835173575207591,
    0.35508314426988363,
    0.3426732821390033,
    0.34432448213919997,
    0.34618847677484155,
    0.33520826883614063,
    0.3388063358142972,
    0.32759786676615477,
    0.3193546859547496,
    0.31638725800439715,
    0.31802609469741583,
    0.32685323245823383,
    0.3191990293562412,
    0.2964587174355984,
    0.30054668616503477,
    0.2900017788633704,
    0.29527697898447514,
    0.27962350472807884,
    0.2849772865884006,
    0.28075682185590267,
    0.2781947487965226,
    0.27904209215193987
  ],
  "val_loss": [
    0.6202991008758545,
    0.6126062870025635,
    0.6071301102638245,
    0.5909275412559509,
    0.521928608417511,
    0.4291539192199707,
    0.334244966506958,
    0.3632034659385681,
    0.3361920714378357,
    0.3359673321247101,
    0.34191977977752686,
    0.3698164224624634,
    0.35879945755004883,
    0.3947000205516815,
    0.37184274196624756,
    0.4126397967338562,
    0.40820974111557007,
    0.4185546636581421,
    0.4716184139251709,
    0.5489656925201416,
    0.5306640267372131,
    0.5310933589935303,
    0.5857819318771362,
    0.5978193879127502,
    0.5956801176071167,
    0.5682507753372192,
    0.6636271476745605,
    0.6111412048339844,
    0.6634572744369507,
    0.6394737958908081,
    0.7341141700744629,
    0.6497874855995178,
    0.6739087700843811,
    0.755640983581543,
    0.6917758584022522,
    0.7425225377082825,
    0.7127015590667725,
    0.6812759637832642,
    0.7116328477859497,
    0.7199381589889526,
    0.7369225025177002,
    0.7226707339286804,
    0.8130820989608765,
    0.7471737265586853,
    0.7994959950447083,
    0.7955020070075989,
    0.7857967615127563,
    0.8017102479934692,
    0.8438329696655273,
    0.7720046639442444
  ],
  "epoch_time": [
    0.5605323314666748,
    0.4054548740386963,
    0.42229604721069336,
    0.3762180805206299,
    0.38735413551330566,
    0.3857710361480713,
    0.40142059326171875,
    0.3939788341522217,
    0.41508913040161133,
    0.3631782531738281,
    0.399975061416626,
    0.37628674507141113,
    0.37360572814941406,
    0.5100488662719727,
    0.4843478202819824,
    0.5186212062835693,
    0.5300807952880859,
    0.4051206111907959,
    0.5244510173797607,
    0.4431030750274658,
    0.4389643669128418,
    0.4622070789337158,
    0.4323759078979492,
    0.40793347358703613,
    0.4155921936035156,
    0.41699910163879395,
    0.4306375980377197,
    0.4760456085205078,
    0.4380159378051758,
    0.3996274471282959,
    0.4193298816680908,
    0.4198341369628906,
    0.3930959701538086,
    0.44650816917419434,
    0.40552687644958496,
    0.4976987838745117,
    0.4141550064086914,
    0.4678328037261963,
    0.4906597137451172,
    0.5155665874481201,
    0.6210246086120605,
    0.5317296981811523,
    0.5424902439117432,
    0.5034356117248535,
    0.4971308708190918,
    0.4914822578430176,
    0.4928288459777832,
    0.4715723991394043,
    0.512474536895752,
    0.4953029155731201
  ]
}