{
  "train_loss": [
    0.9358950157960256,
    0.9111634393533071,
    0.8835976719856262,
    0.8369793693224589,
    0.7869831422964731,
    0.7374893228212992,
    0.6985025157531103,
    0.6616082688172659,
    0.6393993546565374,
    0.6254972716172537,
    0.6154461205005646,
    0.5948129345973333,
    0.594310849905014,
    0.5786491185426712,
    0.5729033003250757,
    0.5684540768464407
  ],
  "val_loss": [
    0.9335309267044067,
    0.9890938401222229,
    1.0650899410247803,
    1.1196495294570923,
    1.1112418174743652,
    0.9704045057296753,
    0.9973236322402954,
    1.0139199495315552,
    1.0595804452896118,
    1.0662531852722168,
    1.0599838495254517,
    1.0350793600082397,
    1.0454776287078857,
    1.0499879121780396,
    1.0264149904251099,
    1.0264209508895874
  ],
  "epoch_time": [
    1.6982851028442383,
    1.6817700862884521,
    1.6950256824493408,
    1.8016645908355713,
    1.711622714996338,
    1.8113980293273926,
    2.1676626205444336,
    2.0789897441864014,
    1.8295586109161377,
    1.764613151550293,
    1.7919156551361084,
    1.9277050495147705,
    1.7628896236419678,
    1.726412057876587,
    2.1697096824645996,
    1.844696044921875
  ],
  "lr": [
    0.0005,
    0.0005,
    0.0005,
    0.0005,
    0.0005,
    0.0005,
    0.0005,
    0.00025,
    0.00025,
    0.00025,
    0.00025,
    0.00025,
    0.00025,
    0.000125,
    0.000125,
    0.000125
  ]
}