{
  "train_loss": [
    1.0110964477062225,
    0.9977005215791556,
    0.9631661474704742,
    0.8961345507548406,
    0.819910269517165,
    0.7637743216294509,
    0.7164684877945826,
    0.6816213956246009,
    0.6276642886491922,
    0.6186000131643735,
    0.5875647893318763,
    0.5688514984571017,
    0.5381477222992823,
    0.5253075154928061,
    0.5298329018629514,
    0.518716213794855,
    0.48691464502077836,
    0.46908605098724365,
    0.43937930120871616,
    0.42858703663715947,
    0.4242324439378885,
    0.41207531094551086,
    0.3971130240422029,
    0.37760561131514037,
    0.38485957567508405,
    0.36815512065704054,
    0.3610567565147693,
    0.34535485964555007,
    0.3375059182827289,
    0.34404269548562855,
    0.3449193170437446,
    0.34637210919306827,
    0.3155215588899759,
    0.30661266812911403,
    0.3012613390500729,
    0.3072756930039479,
    0.3178395926952362,
    0.304154797242238,
    0.2825235483738092,
    0.2702351418825296,
    0.26154473423957825,
    0.25518839405133176,
    0.2581465129668896,
    0.2569414789860065,
    0.27367302546134364,
    0.2708886724251967,
    0.2814094779583124,
    0.24632830917835236,
    0.2387689592746588,
    0.2381381312241921
  ],
  "val_loss": [
    1.3720451593399048,
    1.3479095697402954,
    1.288960576057434,
    1.2805917263031006,
    1.3153138160705566,
    1.3057690858840942,
    1.3381778001785278,
    1.3981802463531494,
    1.5284119844436646,
    1.6242731809616089,
    1.4460785388946533,
    1.588491678237915,
    1.3564648628234863,
    1.3858022689819336,
    1.4856470823287964,
    1.038337230682373,
    1.3606511354446411,
    1.0460808277130127,
    1.1725517511367798,
    1.0734118223190308,
    1.0741552114486694,
    1.0564237833023071,
    1.1827467679977417,
    0.9932556748390198,
    1.192700743675232,
    1.0818414688110352,
    1.2191810607910156,
    1.1499351263046265,
    1.2449859380722046,
    1.2767448425292969,
    1.109614610671997,
    1.5117231607437134,
    1.1501423120498657,
    1.1219828128814697,
    1.3290914297103882,
    1.1648292541503906,
    1.2548664808273315,
    1.4085652828216553,
    1.2439862489700317,
    1.371504306793213,
    1.3400713205337524,
    1.2934386730194092,
    1.2874647378921509,
    1.3609014749526978,
    1.3074450492858887,
    1.399137258529663,
    1.3217623233795166,
    1.338706135749817,
    1.3977264165878296,
    1.3542531728744507
  ],
  "epoch_time": [
    3.6873931884765625,
    6.182993173599243,
    7.481001615524292,
    2.2598345279693604,
    0.48160815238952637,
    0.40837788581848145,
    0.421947717666626,
    0.4177889823913574,
    0.44832801818847656,
    0.46645689010620117,
    0.4568347930908203,
    0.4452323913574219,
    0.5251688957214355,
    0.5362036228179932,
    0.44345879554748535,
    0.49661874771118164,
    0.47278690338134766,
    0.45403599739074707,
    0.44602012634277344,
    0.42815065383911133,
    0.5234575271606445,
    0.4638047218322754,
    0.45088768005371094,
    0.4620931148529053,
    0.474865198135376,
    1.9545462131500244,
    4.206372022628784,
    6.024769306182861,
    0.4621908664703369,
    0.43303370475769043,
    0.4283621311187744,
    0.39235377311706543,
    0.43509364128112793,
    0.40815067291259766,
    0.4079904556274414,
    0.4386160373687744,
    0.39470553398132324,
    0.34740734100341797,
    0.38646769523620605,
    0.4092714786529541,
    0.568774938583374,
    0.41300296783447266,
    0.4433300495147705,
    0.4369328022003174,
    0.46297216415405273,
    0.6538350582122803,
    0.48165416717529297,
    0.39934587478637695,
    0.41858959197998047,
    0.39780449867248535
  ]
}