{
  "train_loss": [
    1.2229229807853699,
    1.147898182272911,
    1.114606186747551,
    1.0892759710550308,
    1.070463553071022,
    1.0448437482118607,
    1.0262474492192268,
    1.0018697530031204,
    0.9825739711523056,
    0.9568075574934483,
    0.9567026384174824,
    0.9177349209785461,
    0.9190223962068558,
    0.8954009506851435,
    0.8941034507006407,
    0.8830835316330194
  ],
  "val_loss": [
    0.5153130292892456,
    0.5542547702789307,
    0.6107150912284851,
    0.6615488529205322,
    0.6830899715423584,
    0.7139445543289185,
    0.7385820746421814,
    0.7145012617111206,
    0.7446271181106567,
    0.858181893825531,
    0.7348665595054626,
    0.9853405356407166,
    0.7383489608764648,
    0.8627524375915527,
    0.7379157543182373,
    0.830810010433197
  ],
  "epoch_time": [
    2.51124906539917,
    2.5791091918945312,
    2.442986011505127,
    2.840707778930664,
    2.89845871925354,
    3.0418570041656494,
    3.0095224380493164,
    2.727412462234497,
    2.311027765274048,
    2.691626787185669,
    2.8816874027252197,
    2.946033239364624,
    2.93989896774292,
    2.846992015838623,
    2.9679083824157715,
    2.8201348781585693
  ],
  "lr": [
    0.0005,
    0.0005,
    0.0005,
    0.0005,
    0.0005,
    0.0005,
    0.0005,
    0.00025,
    0.00025,
    0.00025,
    0.00025,
    0.00025,
    0.00025,
    0.000125,
    0.000125,
    0.000125
  ]
}